{
    "model_name": "DenseNet121",
    "num_classes": 24,
    "epochs": 10,
    "batch_size": 32,
    "learning_rate": 0.0001,
    "train_loss": [
        1.7905729918540279,
        0.7241079701653009,
        0.5363159457905383,
        0.4627234414219856,
        0.4238710664684259,
        0.39497317875959453,
        0.3554835627916493,
        0.35229684898181807,
        0.33587399279533686,
        0.32826714851905275
    ],
    "train_acc": [
        56.476889506050384,
        82.46379686570126,
        85.49890894663757,
        86.80817298155128,
        87.72069033921841,
        88.49434635984923,
        89.52588772069033,
        89.66474905772664,
        89.90279706407459,
        89.88295973021226
    ],
    "val_acc": [
        97.07112970711297,
        98.32635983263599,
        98.32635983263599,
        99.16317991631799,
        98.74476987447699,
        99.581589958159,
        99.16317991631799,
        98.74476987447699,
        98.74476987447699,
        99.581589958159
    ]
}