{
    "model_name": "ResNet18",
    "num_classes": 24,
    "epochs": 10,
    "batch_size": 32,
    "learning_rate": 0.0001,
    "train_loss": [
        1.6155135876770261,
        0.6852161130761798,
        0.5446648951384085,
        0.4742081632153897,
        0.43624672859529906,
        0.4119993377524086,
        0.38366183508894863,
        0.37241264720317685,
        0.3896716539335402,
        0.35955936322578147
    ],
    "train_acc": [
        57.84566554255108,
        82.00753818686769,
        84.78476492759373,
        86.21305296568141,
        87.26443166038484,
        87.80003967466773,
        88.5340210275739,
        88.93076770482047,
        88.1967863519143,
        89.2283277127554
    ],
    "val_acc": [
        95.39748953974896,
        92.46861924686192,
        98.74476987447699,
        95.39748953974896,
        98.74476987447699,
        99.16317991631799,
        99.16317991631799,
        98.74476987447699,
        98.74476987447699,
        97.90794979079497
    ]
}