{
    "model_name": "EfficientNet-B0",
    "num_classes": 24,
    "epochs": 10,
    "batch_size": 32,
    "learning_rate": 0.0001,
    "train_loss": [
        2.4803781381136254,
        1.1081745681128925,
        0.68331571055364,
        0.5330120087424411,
        0.46586404085347927,
        0.43490482904488525,
        0.4156156286031385,
        0.3872545520904698,
        0.36391732101387614,
        0.3627796126883241
    ],
    "train_acc": [
        37.175163658004365,
        73.2989486213053,
        81.92818885141837,
        85.06248760166633,
        86.6891489783773,
        87.3636183296965,
        87.4429676651458,
        88.03808768101567,
        89.44653838524103,
        89.0894663757191
    ],
    "val_acc": [
        85.35564853556485,
        95.39748953974896,
        97.90794979079497,
        98.32635983263599,
        98.74476987447699,
        99.16317991631799,
        98.74476987447699,
        99.581589958159,
        99.16317991631799,
        99.16317991631799
    ]
}