{
    "model_name": "MobileNetV3 Small",
    "num_classes": 24,
    "epochs": 10,
    "batch_size": 32,
    "learning_rate": 0.0001,
    "train_loss": [
        2.6149359209628047,
        1.35300437445882,
        0.9240203722368313,
        0.741977851224851,
        0.6269743214302426,
        0.5756389481734626,
        0.557117656722099,
        0.5301884208110315,
        0.4832313078679616,
        0.48000624955077714
    ],
    "train_acc": [
        29.002182106724856,
        62.78516167427098,
        73.41797262447928,
        78.19877008530054,
        81.41241817099782,
        82.76135687363619,
        82.82086887522317,
        83.55485022812934,
        84.94346359849236,
        85.45923427891292
    ],
    "val_acc": [
        66.52719665271967,
        90.7949790794979,
        95.81589958158996,
        96.23430962343096,
        97.90794979079497,
        97.48953974895397,
        97.90794979079497,
        98.32635983263599,
        96.65271966527196,
        99.16317991631799
    ]
}